﻿<?xml version="1.0" encoding="UTF-8" standalone="yes"?>
<addon id="teste.repo" name="Repositório Teste" version="1.0.0" provider-name="nome do criador">
	<extension point="xbmc.addon.repository" name="Repositório Teste">
		<info compressed="false">http://raw.github.com/zoreu/meuaddon/master/addons.xml</info>
		<checksum>http://raw.github.com/zoreu/meuaddon/master/addons.xml.md5</checksum>
		<datadir zip="true">http://raw.github.com/zoreu/meuaddon/master/zip/</datadir>
	</extension>
	<extension point="xbmc.addon.metadata">
		<summary>Repositório Teste</summary>
		<description>Repositório Teste para Kodi</description>
		<disclaimer></disclaimer>
		<platform>all</platform>
	</extension>
</addon>